Codigo,Nombre,Cedula,Entro
a1,Raul Jimenez,001-1234567-1,
a2,Michael Todemann,001-1234567-2,
a3,Milan Lora,001-1234567-3,
a4,Samuel Rodriguez,001-1234567-4,
a5,Gabriela Julia,001-1234567-5,
a6,Roberto Perez,001-1234567-6,
a7,Laura Fernandez,001-1234567-7,
a8,Noah Viraj,001-1234567-8,
a9,Lily Sofia,001-1234567-9,
a10,Mia Theo,001-1234568-1,
a11,Harry Freya,001-1234568-2,
a12,Arturo Olivio,001-1234568-3,
a13,Julio Gonzalez,001-1234568-4,
a14,Amyra Aarav,001-1234568-5,
a15,Amelia Ava,001-1234568-6,
a16,Isabella Mason,001-1234568-7,
